<?xml version="1.0" encoding="UTF-8" standalone="no"?>
<personaje>
    <nombre>Merlin</nombre>
    <vida>10</vida>
    <energia>10</energia>
    <wearables>
        <items>
            <item>
                <type>Necklace</type>
                <element>ENERGY</element>
                <value>6</value>
            </item>
            <item>
                <type>Ring</type>
                <element>FIRE</element>
                <value>7</value>
            </item>
            <item>
                <type>Ring</type>
                <element>LIFE</element>
                <value>5</value>
            </item>
            <item>
                <type>Weapon</type>
                <element>NONE</element>
                <value>10</value>
            </item>
        </items>
    </wearables>
    <crystal_carrier>
        <crystals>
            <crystal>
                <singa>12</singa>
            </crystal>
            <crystal>
                <singa>33</singa>
            </crystal>
        </crystals>
    </crystal_carrier>
    <jewelry_bag>
        <jewels>
            <jewel>
                <type>Necklace</type>
                <element>JUMP</element>
                <value>8</value>
            </jewel>
        </jewels>
    </jewelry_bag>
</personaje>
