<?xml version="1.0" encoding="UTF-8" standalone="no"?>
<demiurge>
    <dungeon>
        <rooms>
            <room>
                <id>0</id>
                <exit>false</exit>
                <description>Common room connected with HOME</description>
                <visited>false</visited>
                <items>
                    <item>
                        <type>necklace</type>
                        <element>LIFE</element>
                        <value>5</value>
                    </item>
                </items>
                <creature/>
            </room>
            <room>
                <id>1</id>
                <exit>false</exit>
                <description>Common room in the middle</description>
                <visited>false</visited>
                <items/>
                <creature>
                    <element>ELECTRICITY</element>
                    <name>Big Monster</name>
                    <life>5</life>
                    <attack>1</attack>
                    <spells>
                        <spell>
                            <element>ELECTRICITY</element>
                            <level>1</level>
                        </spell>
                    </spells>
                </creature>
            </room>
            <room>
                <id>2</id>
                <exit>true</exit>
                <description>Common room and Exit</description>
                <visited>false</visited>
                <items/>
                <creature/>
            </room>
        </rooms>
    </dungeon>
    <home>
        <description>Home</description>
        <comfort>1</comfort>
        <singa>
            <singaCapacity>10</singaCapacity>
            <singaMaxCapacity>50</singaMaxCapacity>
        </singa>
        <chest>
            <chestValue>4</chestValue>
            <items>
                <item>
                    <type>weapon</type>
                    <element>NONE</element>
                    <value>2</value>
                </item>
            </items>
        </chest>
        <library>
            <spells>
                <spell>
                    <element>ELECTRICITY</element>
                    <level>1</level>
                </spell>
                <spell>
                    <element>FIRE</element>
                    <level>1</level>
                </spell>
                <spell>
                    <element>AIR</element>
                    <level>1</level>
                </spell>
            </spells>
        </library>
    </home>
    <wizard>
        <name>Merlin</name>
        <currentLife>10</currentLife>
        <maxLife>10</maxLife>
        <currentEnergy>10</currentEnergy>
        <maxEnergy>10</maxEnergy>
        <wereables>
            <maxWeapons>1</maxWeapons>
            <maxNecklaces>1</maxNecklaces>
            <maxRings>2</maxRings>
            <items>
                <item>
                    <type>weapon</type>
                    <element>NONE</element>
                    <value>1</value>
                </item>
            </items>
        </wereables>
        <crystalCarrier>
            <capacity>3</capacity>
            <crystals>
                <crystal singa="10"/>
            </crystals>
        </crystalCarrier>
        <jeweleryBag>
            <capacity>2</capacity>
        </jeweleryBag>
    </wizard>
    <condtions>
        <condition>VisitAllRoomsCondition</condition>
        <condition>KillAllCreaturesCondition</condition>
    </condtions>
    <day>0</day>
</demiurge>